Key,File,Type,UsedInMainMenu,NoTranslate,english,Context / Alternate Text,german,latam,french,italian,japanese,koreana,polish,brazilian,russian,turkish,schinese,tchinese,spanish
,,,,,,,,,,,,,,,,,,,
 * * * * VANILLA BLOCKS * * * * ,,,,,,,,,,,,,,,,,,,
rugBearPlayer,blocks,block,,,[4DFF00]Bear Rug®[-],,,,,,,,,,,,,,
rugBearPlayerDesc,blocks,block,,,"You're a 70s icon, and not afraid to show it. \nDestroy to pick up.",,,,,,,,,,,,,,
,,,,,,,,,,,,,,,,,,,
,,,,,,,,,,,,,,,,,,,
 * * * * TEH ITEMS * * * * ,,,,,,,,,,,,,,,,,,,
kale,items,Food,,,[4DFF00]Kale®,,,,,,,,,,,,,,
kaleDesc,items,Food,,,Admit it ... you're not doing this to maintain a healthy lifestyle. Pairs nicely with the [4DFF00]Weedwacker®[ffffff].,,,,,,,,,,,,,,
trailMix,items,Food,,,[4DFF00]Trail Mix®[-],,,,,,,,,,,,,,
trailMixDesc,items,Food,,,Only slightly better than [4DFF00]Kale®[ffffff].,,,,,,,,,,,,,,
weedwacker,items,Melee,,,[4DFF00]Weedwacker®[-],,,,,,,,,,,,,,
weedwackerDesc,items,Melee,,,Mowing the yard still isn't easy ... but at least it's fast!,,,,,,,,,,,,,,
tehWoodCrate,blocks,Block,,,[4DFF00]Wood Crate®[-],,,,,,,,,,,,,,
tehLeatherTrunk,blocks,Block,,,[4DFF00]Leather Trunk®[-],,,,,,,,,,,,,,
tehReinforcedChest,blocks,Block,,,[4DFF00]Reinforced Chest®,,,,,,,,,,,,,,
tehHardenedChestSmall,blocks,Block,,,[4DFF00]Small Hardened Chest®,,,,,,,,,,,,,,
tehHardenedChestLarge,blocks,Block,,,[4DFF00]Large Hardened Chest®,,,,,,,,,,,,,,
tehStorageDesc,blocks,Block,,,This box has a 100-slot capacity. Make sure you know where you want to place it because these aren't easy to move.,,,,,,,,,,,,,,
tehHardenedChestLargeDesc,blocks,Block,,,This box has a 150-slot capacity. Make sure you know where you want it to go cus these bad boys are bolted in place.,,,,,,,,,,,,,,
tehSturdyStorageContainerVariantHelper,blocks,Block,,,[4DFF00]Sturdy Storage Containers®,,,,,,,,,,,,,,
tehSturdyStorageContainerWhite,blocks,Block,,,[4DFF00]Sturdy Storage Container White®,,,,,,,,,,,,,,
tehSturdyStorageContainerBrown,blocks,Block,,,[4DFF00]Sturdy Storage Container Brown®,,,,,,,,,,,,,,
tehSturdyStorageContainerRed,blocks,Block,,,[4DFF00]Sturdy Storage Container Red®,,,,,,,,,,,,,,
tehSturdyStorageContainerOrange,blocks,Block,,,[4DFF00]Sturdy Storage Container Orange®,,,,,,,,,,,,,,
tehSturdyStorageContainerYellow,blocks,Block,,,[4DFF00]Sturdy Storage Container Yellow®,,,,,,,,,,,,,,
tehSturdyStorageContainerGreen,blocks,Block,,,[4DFF00]Sturdy Storage Container Green®,,,,,,,,,,,,,,
tehSturdyStorageContainerBlue,blocks,Block,,,[4DFF00]Sturdy Storage Container Blue®,,,,,,,,,,,,,,
tehSturdyStorageContainerPurple,blocks,Block,,,[4DFF00]Sturdy Storage Container Purple®,,,,,,,,,,,,,,
tehSturdyStorageContainerPink,blocks,Block,,,[4DFF00]Sturdy Storage Container Pink®,,,,,,,,,,,,,,
tehSturdyStorageContainerGrey,blocks,Block,,,[4DFF00]Sturdy Storage Container Grey,,,,,,,,,,,,,,
tehSturdyStorageContainerBlack,blocks,Block,,,[4DFF00]Sturdy Storage Container Black®,,,,,,,,,,,,,,
tehSportsBag02VariantHelper,blocks,Block,,,[4DFF00]Sports Bags®,,,,,,,,,,,,,,
tehSportsBag02White,blocks,Block,,,[4DFF00]Sports Bag White®,,,,,,,,,,,,,,
tehSportsBag02Brown,blocks,Block,,,[4DFF00]Sports Bag Brown®,,,,,,,,,,,,,,
tehSportsBag02Red,blocks,Block,,,[4DFF00]Sports Bag Red®,,,,,,,,,,,,,,
tehSportsBag02Orange,blocks,Block,,,[4DFF00]Sports Bag Orange®,,,,,,,,,,,,,,
tehSportsBag02Yellow,blocks,Block,,,[4DFF00]Sports Bag Yellow®,,,,,,,,,,,,,,
tehSportsBag02Green,blocks,Block,,,[4DFF00]Sports Bag Green®,,,,,,,,,,,,,,
tehSportsBag02Blue,blocks,Block,,,[4DFF00]Sports Bag Blue®,,,,,,,,,,,,,,
tehSportsBag02Purple,blocks,Block,,,[4DFF00]Sports Bag Purple®,,,,,,,,,,,,,,
tehSportsBag02Pink,blocks,Block,,,[4DFF00]Sports Bag Pink®,,,,,,,,,,,,,,
tehSportsBag02Grey,blocks,Block,,,[4DFF00]Sports Bag Grey®,,,,,,,,,,,,,,
tehSportsBag02Black,blocks,Block,,,[4DFF00]Sports Bag Black®,,,,,,,,,,,,,,
tehBackPackDesc,blocks,Block,,,Handy for keeping a few things together in the event of an emergency. Can be thrown just about anywhere.,,,,,,,,,,,,,,
tehWoodRusticCrate,blocks,Block,,,[4DFF00]Rustic Wooden Crate®,,,,,,,,,,,,,,
tehIronRusticCrate,blocks,Block,,,[4DFF00]Rustic Iron Crate®,,,,,,,,,,,,,,
tehSteelRusticCrate,blocks,Block,,,[4DFF00]Rustic Steel Crate®,,,,,,,,,,,,,,
tehBulkGoodsVariantHelper,blocks,Block,,,[4DFF00]Bulk Goods®,,,,,,,,,,,,,,
tehBulkGoodsTarpWhite,blocks,Block,,,[4DFF00]Bulk Goods White®,,,,,,,,,,,,,,
tehBulkGoodsTarpBrown,blocks,Block,,,[4DFF00]Bulk Goods Brown®,,,,,,,,,,,,,,
tehBulkGoodsTarpRed,blocks,Block,,,[4DFF00]Bulk Goods Red®,,,,,,,,,,,,,,
tehBulkGoodsTarpOrange,blocks,Block,,,[4DFF00]Bulk Goods Orange®,,,,,,,,,,,,,,
tehBulkGoodsTarpGreen,blocks,Block,,,[4DFF00]Bulk Goods Green®,,,,,,,,,,,,,,
tehBulkGoodsTarpBlue,blocks,Block,,,[4DFF00]Bulk Goods Blue®,,,,,,,,,,,,,,
tehBulkGoodsTarpPink,blocks,Block,,,[4DFF00]Bulk Goods Pink®,,,,,,,,,,,,,,
tehBulkGoodsTarpPurple,blocks,Block,,,[4DFF00]Bulk Goods Purple®,,,,,,,,,,,,,,
tehBulkGoodsTarpGrey,blocks,Block,,,[4DFF00]Bulk Goods Grey®,,,,,,,,,,,,,,
tehBulkGoodsTarpBlack,blocks,Block,,,[4DFF00]Bulk Goods Black®,,,,,,,,,,,,,,
tehBulkBricks,blocks,Block,,,[4DFF00]Bulk Goods Brick®,,,,,,,,,,,,,,
tehBulkGoodsDesc,blocks,Block,,,A place for everything and everything in it's place. These large containers are lockable.,,,,,,,,,,,,,,
,,,,,,,,,,,,,,,,,,,
bed02VariantHelper,blocks,Block,,,[4DFF00]Luxury Beds®,,,,,,,,,,,,,,
bed02White,blocks,Block,,,[4DFF00]Luxury Bed White,,,,,,,,,,,,,,
bed02Brown,blocks,Block,,,[4DFF00]Luxury Bed Brown®,,,,,,,,,,,,,,
bed02Red,blocks,Block,,,[4DFF00]Luxury Bed Red®,,,,,,,,,,,,,,
bed02Orange,blocks,Block,,,[4DFF00]Luxury Bed Orange®,,,,,,,,,,,,,,
bed02Yellow,blocks,Block,,,[4DFF00]Luxury Bed Yellow®,,,,,,,,,,,,,,
bed02Green,blocks,Block,,,[4DFF00]Luxury Bed Green®,,,,,,,,,,,,,,
bed02Blue,blocks,Block,,,[4DFF00]Luxury Bed Blue®,,,,,,,,,,,,,,
bed02Purple,blocks,Block,,,[4DFF00]Luxury Bed Purple®,,,,,,,,,,,,,,
bed02Grey,blocks,Block,,,[4DFF00]Luxury Bed Grey®,,,,,,,,,,,,,,
bed02Pink,blocks,Block,,,[4DFF00]Luxury Bed Pink®,,,,,,,,,,,,,,
bedBunkMadeVariantHelper,blocks,Block,,,[4DFF00]Luxury Bunk Beds®,,,,,,,,,,,,,,
bedBunkMadeWhite,blocks,Block,,,[4DFF00]Luxury Bunk Bed White®,,,,,,,,,,,,,,
bedBunkMadeBrown,blocks,Block,,,[4DFF00]Luxury Bunk Bed Brown®,,,,,,,,,,,,,,
bedBunkMadeRed,blocks,Block,,,[4DFF00]Luxury Bunk Bed Red®,,,,,,,,,,,,,,
bedBunkMadeOrange,blocks,Block,,,[4DFF00]Luxury Bunk Bed Orange®,,,,,,,,,,,,,,
bedBunkMadeYellow,blocks,Block,,,[4DFF00]Luxury Bunk Bed Yellow®,,,,,,,,,,,,,,
bedBunkMadeGreen,blocks,Block,,,[4DFF00]Luxury Bunk Bed Green®,,,,,,,,,,,,,,
bedBunkMadeBlue,blocks,Block,,,[4DFF00]Luxury Bunk Bed Blue®,,,,,,,,,,,,,,
bedBunkMadePurple,blocks,Block,,,[4DFF00]Luxury Bunk Bed Purple®,,,,,,,,,,,,,,
bedBunkMadeGrey,blocks,Block,,,[4DFF00]Luxury Bunk Bed Grey®,,,,,,,,,,,,,,
bedBunkMadePink,blocks,Block,,,[4DFF00]Luxury Bunk Bed Pink®,,,,,,,,,,,,,,
starterLoadout,blocks,Block,,,[4DFF00]Starter Loadout for Players®,,,,,,,,,,,,,,
starterLoadoutDesc,blocks,block,,,Stupid game. Can't give players their starting stuff.,,,,,,,,,,,,,,
workingOvensDesc,blocks,Block,,,Tired of that noob campfire? Cook in style on this classic appliance. Works the same as a standard campfire.,,,,,,,,,,,,,,
workingOvens,blocks,Block,,,[4DFF00]Working Ovens®,,,,,,,,,,,,,,
workingGrill,blocks,Block,,,[4DFF00]Working Grill®,,,,,,,,,,,,,,
workingStove,blocks,Block,,,[4DFF00]Working Stove®,,,,,,,,,,,,,,
workingWallOven01,blocks,Block,,,[4DFF00]Working Oven®,,,,,,,,,,,,,,
workingWallOven02,blocks,Block,,,[4DFF00]Working Oven Offset®,,,,,,,,,,,,,,
workingRange01,blocks,Block,,,[4DFF00]Working Range®,,,,,,,,,,,,,,
workingRangtop,blocks,Block,,,[4DFF00]Working Rangtop®,,,,,,,,,,,,,,
industrialMixer,blocks,Block,,,[4DFF00]Industrial Mixer®,,,,,,,,,,,,,,
industrialMixerDesc,blocks,Block,,,Building the ULTIMATE structure? This can speed up the process. Results may vary.,,,,,,,,,,,,,,
workingCoffeeMaker,blocks,Block,,,[4DFF00]Working Coffee Maker®,,,,,,,,,,,,,,
workingCoffeeMakerCommercial,blocks,Block,,,[4DFF00]Working Commercial Coffee Maker®,,,,,,,,,,,,,,
workingSodaFountain,blocks,Block,,,[4DFF00]Working Soda Fountain®,,,,,,,,,,,,,,
workingBeverage,blocks,Block,,,[4DFF00]Working Beverage Stations®,,,,,,,,,,,,,,
workingBeverageDesc,blocks,Block,,,Make drinks with these handy beverage appliances.,,,,,,,,,,,,,,
chickenFeed,blocks,Block,,,[4DFF00]Chicken Feed®[-],,,,,,,,,,,,,,
tehFeedingBag,blocks,Block,,,[4DFF00]Feeding Bag®[-],,,,,,,,,,,,,,
tehChickenNest1Empty,blocks,Block,,,[4DFF00]Chicken Bedding®[-],,,,,,,,,,,,,,
tehChickenNest2Growing,blocks,Block,,,[4DFF00]Chicken Bedding Used®[-],,,,,,,,,,,,,,
tehChickenNest3Harvest,blocks,Block,,,[4DFF00]Chicken Nest®[-],,,,,,,,,,,,,,
chickenNestDesc,blocks,Block,,,"Place the [4DFF00]Chicken Bedding®[-] on the ground outside, and fill it with [4DFF00]Chicken Feed®[-] right-clicking with the [4DFF00]Feeding Bag®[-] then wait for a chicken to make a nest. If you're lucky, they will leave you some eggs before they run off.",,,,,,,,,,,,,,
tehReset,blocks,Block,,,[4DFF00]Push to Fix Pit[-],,,,,,,,,,,,,,
tehZombiesGrave,blocks,Block,,,[4DFF00]Don't touch.[-],,,,,,,,,,,,,,
workingPlanter,blocks,Block,,,[4DFF00]Working Planter®,,,,,,,,,,,,,,
workingPlanterDesc,blocks,Block,,,These planters can be used to grow crops or trees. Use with the [4DFF00]Landscaping[ffffff] block to add a little WOW to your base.,,,,,,,,,,,,,,
tehLandscapingTrees,blocks,Block,,,[4DFF00]Landscaping - Trees®,,,,,,,,,,,,,,
tehLandscapingFoliage,blocks,Block,,,[4DFF00]Landscaping - Foliage®,,,,,,,,,,,,,,
landscapingDesc,blocks,Block,,,Want to spruce up the 'ol bunker? These plants are genetically engineered NOT to grow! Works great with the [4DFF00]Working Planter®[ffffff].,,,,,,,,,,,,,,
,,,,,,,,,,,,,,,,,,,
,,,,,,,,,,,,,,,,,,,
,,,,,,,,,,,,,,,,,,,
,,,,,,,,,,,,,,,,,,,
 * * * * VARIANT BLOCKS * * * * ,,,,,,,,,,,,,,,,,,,
woodSingleDoorsVariantHelper,blocks,block,,,[4DFF00]Wooden Single Doors®[-],,,,,,,,,,,,,,
woodSingleDoorsVariantHelperDesc,blocks,block,,,Be single in style! These handcrafted doors liven up any bachelor pad.,,,,,,,,,,,,,,
woodDoubleDoorsVariantHelper,blocks,block,,,[4DFF00]Wooden Double Doors®[-],,,,,,,,,,,,,,
woodDoubleDoorsVariantHelperDesc,blocks,block,,,Double the doors and double the fun! Upgrade your base with these grand doors.,,,,,,,,,,,,,,
metalSingleDoorsVariantHelper,blocks,block,,,[4DFF00]Metal Single Doors®[-],,,,,,,,,,,,,,
metalSingleDoorsVariantHelperDesc,blocks,block,,,Be single and secure! These solid doors will show your neighbors what a tough nut you are.,,,,,,,,,,,,,,
metalDoubleDoorsVariantHelper,blocks,block,,,[4DFF00]Metal Double Doors®[-],,,,,,,,,,,,,,
metalDoubleDoorsVariantHelperDesc,blocks,block,,,Double the doors and double the security! Upgrade your base with these no nonsense doors.,,,,,,,,,,,,,,
miscDoorsVariantHelper,blocks,block,,,[4DFF00]Misc. Doors®[-],,,,,,,,,,,,,,
miscDoorsVariantHelperDesc,blocks,block,,,These special doors will add an air of mystery to your build.,,,,,,,,,,,,,,
securityGateVariantHelper,blocks,block,,,[4DFF00]Security Gates®[-],,,,,,,,,,,,,,
securityGateVariantHelperDesc,blocks,block,,,The ultimate door to keep out unwanted guests. Or zombies.,,,,,,,,,,,,,,
modularRopeVariantHelper,blocks,block,,,[4DFF00]Rope®[-],,,,,,,,,,,,,,
modularRopeVariantHelperDesc,blocks,block,,,"Build a dope rope, not a nope rope!",,,,,,,,,,,,,,
flagPoleAmericanPlayer,blocks,block,,,[4DFF00]Murican Flagpole®[-],,,,,,,,,,,,,,
flagPoleAmericanPlayerDesc,blocks,block,,,These colors bleed FREEEEEEDOOOOOM.,,,,,,,,,,,,,,
flagPoleWhiteRiverPlayer,blocks,block,,,[4DFF00]Whiteriver Flagpole®[-],,,,,,,,,,,,,,
flagPoleWhiteRiverPlayerDesc,blocks,block,,,Look at this fancy flag. Feels almost patriotic.,,,,,,,,,,,,,,
flagPoleVariantHelper,blocks,block,,,[4DFF00]Flagpole®[-],,,,,,,,,,,,,,
flagPoleVariantHelperDesc,blocks,block,,,Run it up the flagpole and see who salutes.\n\nDestroy to pick up.,,,,,,,,,,,,,,
flagWallVariantHelper,blocks,block,,,[4DFF00]Wall Flag®[-],,,,,,,,,,,,,,
flagWallVariantHelperDesc,blocks,block,,,Suitable for hanging on the wall in your mom's basement.,,,,,,,,,,,,,,
moviePosterVariantHelper,blocks,block,,,[4DFF00]Framed Movie Posters®[-],,,,,,,,,,,,,,
moviePosterVariantHelperDesc,blocks,block,,,Hang the classics on wall for everyone to appreciate.,,,,,,,,,,,,,,
snackPosterVariantHelper,blocks,block,,,[4DFF00]Snack Posters®[-],,,,,,,,,,,,,,
snackPosterVariantHelperDesc,blocks,block,,,Finest wall art curated from your local Pass-N-Gas.,,,,,,,,,,,,,,
commercialSignVariantHelper,blocks,block,,,[4DFF00]Commercial Signs®[-],,,,,,,,,,,,,,
commercialSignVariantHelperDesc,blocks,block,,,OSHA compliant and HR approved.,,,,,,,,,,,,,,
,,,,,,,,,,,,,,,,,,,
,,,,,,,,,,,,,,,,,,,
,,,,,,,,,,,,,,,,,,,
tehBookPile01VariantHelper,blocks,Block,,,[4DFF00]Piles of Books®[-],,,,,,,,,,,,,,
tehBookPile01,blocks,Block,,,[4DFF00]A Stack of Books®[-],,,,,,,,,,,,,,
tehBookPile02,blocks,Block,,,[4DFF00]A Small Pile of Books®[-],,,,,,,,,,,,,,
tehBookPile03,blocks,Block,,,[4DFF00]A Small Pile of Books®[-],,,,,,,,,,,,,,
tehBookPile04,blocks,Block,,,[4DFF00]A Pile of Books®[-],,,,,,,,,,,,,,
tehBookPile05,blocks,Block,,,[4DFF00]Book: River of Ash®[-],,,,,,,,,,,,,,
tehBookPile06,blocks,Block,,,[4DFF00]Book: The Long Dry Road®[-],,,,,,,,,,,,,,
tehBookPile07,blocks,Block,,,[4DFF00]Book: Watercolor by Numbers®[-],,,,,,,,,,,,,,
tehBookPile08,blocks,Block,,,[4DFF00]Book: Scarlet Journals®[-],,,,,,,,,,,,,,
tehBookPile09,blocks,Block,,,[4DFF00]Book: Invisable Killer®[-],,,,,,,,,,,,,,
tehBookPile010,blocks,Block,,,[4DFF00]Book: Spear Hunter®[-],,,,,,,,,,,,,,
tehBookPile011,blocks,Block,,,[4DFF00]Book: The Aftermath®[-],,,,,,,,,,,,,,
tehBookPile012,blocks,Block,,,[4DFF00]Book: The Fireman's Almanac®[-],,,,,,,,,,,,,,
tehBookPile013,blocks,Block,,,[4DFF00]Book: Authorized Personnel Only®[-],,,,,,,,,,,,,,
tehBookPile014,blocks,Block,,,[4DFF00]Book: Time Matters®[-],,,,,,,,,,,,,,
tehBookPile015,blocks,Block,,,[4DFF00]Book: A Socialist Guide to Making Bombs®[-],,,,,,,,,,,,,,
tehBookPileDesc,blocks,Block,,,Impress your friends with how cultured you are. Great for hiding a few things.,,,,,,,,,,,,,,
,,,,,,,,,,,,,,,,,,,
,,,,,,,,,,,,,,,,,,,
tehPlayerLights,blocks,Block,,,[4DFF00]Working Lights®[-],,,,,,,,,,,,,,
tehPlayerLightsDesc,blocks,Block,,,There's more to life than unsightly lighting.,,,,,,,,,,,,,,
tehlightsPlus,blocks,Block,,,[4DFF00]Working Lights Plus®[-],,,,,,,,,,,,,,
tehlightsPlusDesc,blocks,Block,,,Light up the sky! Use care placing these delicate fixtures. They are fragile.,,,,,,,,,,,,,,
,,,,,,,,,,,,,,,,,,,
lightPorchWhite_player,blocks,Block,,,[4DFF00]Porch Light White®[-],,,,,,,,,,,,,,
lightPorchBrown_player,blocks,Block,,,[4DFF00]Porch Light Brown®[-],,,,,,,,,,,,,,
lightPorchRed_player,blocks,Block,,,[4DFF00]Porch Light Red®[-],,,,,,,,,,,,,,
lightPorchOrange_player,blocks,Block,,,[4DFF00]Porch Light Orange®[-],,,,,,,,,,,,,,
lightPorchYellow_player,blocks,Block,,,[4DFF00]Porch Light Yellow®[-],,,,,,,,,,,,,,
lightPorchGreen_player,blocks,Block,,,[4DFF00]Porch Light Green®[-],,,,,,,,,,,,,,
lightPorchBlue_player,blocks,Block,,,[4DFF00]Porch Light Blue®[-],,,,,,,,,,,,,,
lightPorchPurple_player,blocks,Block,,,[4DFF00]Porch Light Purple®[-],,,,,,,,,,,,,,
lightPorchPink_player,blocks,Block,,,[4DFF00]Porch Light Pink®[-],,,,,,,,,,,,,,
lightPorchGrey_player,blocks,Block,,,[4DFF00]Porch Light Grey®[-],,,,,,,,,,,,,,
lightPorchBlack_player,blocks,Block,,,[4DFF00]Porch Light Black®[-],,,,,,,,,,,,,,
lightWallGooseneckWhite_player,blocks,Block,,,[4DFF00]Gooseneck Wall Light White®[-],,,,,,,,,,,,,,
lightWallGooseneckBrown_player,blocks,Block,,,[4DFF00]Gooseneck Wall Light Brown®[-],,,,,,,,,,,,,,
lightWallGooseneckRed_player,blocks,Block,,,[4DFF00]Gooseneck Wall Light Red®[-],,,,,,,,,,,,,,
lightWallGooseneckOrange_player,blocks,Block,,,[4DFF00]Gooseneck Wall Light Orange®[-],,,,,,,,,,,,,,
lightWallGooseneckYellow_player,blocks,Block,,,[4DFF00]Gooseneck Wall Light Yellow®[-],,,,,,,,,,,,,,
lightWallGooseneckGreen_player,blocks,Block,,,[4DFF00]Gooseneck Wall Light Green®[-],,,,,,,,,,,,,,
lightWallGooseneckBlue_player,blocks,Block,,,[4DFF00]Gooseneck Wall Light Blue®[-],,,,,,,,,,,,,,
lightWallGooseneckPink_player,blocks,Block,,,[4DFF00]Gooseneck Wall Light Pink®[-],,,,,,,,,,,,,,
lightWallGooseneckGrey_player,blocks,Block,,,[4DFF00]Gooseneck Wall Light Grey®[-],,,,,,,,,,,,,,
lightWallGooseneckBlack_player,blocks,Block,,,[4DFF00]Gooseneck Wall Light Black®[-],,,,,,,,,,,,,,
lightIndustrialHangingWhite_player,blocks,Block,,,[4DFF00]Industrial Hanging Light White®[-],,,,,,,,,,,,,,
lightIndustrialHangingBrown_player,blocks,Block,,,[4DFF00]Industrial Hanging Light Brown®[-],,,,,,,,,,,,,,
lightIndustrialHangingRed_player,blocks,Block,,,[4DFF00]Industrial Hanging Light Red®[-],,,,,,,,,,,,,,
lightIndustrialHangingOrange_player,blocks,Block,,,[4DFF00]Industrial Hanging Light Orange®[-],,,,,,,,,,,,,,
lightIndustrialHangingYellow_player,blocks,Block,,,[4DFF00]Industrial Hanging Light Yellow®[-],,,,,,,,,,,,,,
lightIndustrialHangingGreen_player,blocks,Block,,,[4DFF00]Industrial Hanging Light Green®[-],,,,,,,,,,,,,,
lightIndustrialHangingBlue_player,blocks,Block,,,[4DFF00]Industrial Hanging Light Blue®[-],,,,,,,,,,,,,,
lightIndustrialHangingPurple_player,blocks,Block,,,[4DFF00]Industrial Hanging Light Purple®[-],,,,,,,,,,,,,,
lightIndustrialHangingPink_player,blocks,Block,,,[4DFF00]Industrial Hanging Light Pink®[-],,,,,,,,,,,,,,
lightIndustrialHangingGrey_player,blocks,Block,,,[4DFF00]Industrial Hanging Light Grey®[-],,,,,,,,,,,,,,
lightIndustrialHangingBlack_player,blocks,Block,,,[4DFF00]Industrial Hanging Light Black®[-],,,,,,,,,,,,,,
lightPanelLEDWhite_player,blocks,Block,,,[4DFF00]LED Panel White®[-],,,,,,,,,,,,,,
lightPanelLEDBlack_player,blocks,Block,,,[4DFF00]LED Panel Black®[-],,,,,,,,,,,,,,
lightSconce_player,blocks,Block,,,[4DFF00]Sconce®[-],,,,,,,,,,,,,,
lightSconce_2x1_player,blocks,Block,,,[4DFF00]Sconce 2x1®[-],,,,,,,,,,,,,,
recessedLight_player,blocks,Block,,,[4DFF00]Recessed Light®[-],,,,,,,,,,,,,,
recessedLight_2x2_player,blocks,Block,,,[4DFF00]Recessed Light 2x2®[-],,,,,,,,,,,,,,
fluorescentLight_player,blocks,Block,,,[4DFF00]Hanging Fluorescent Light®[-],,,,,,,,,,,,,,
fluorescentLightBayIntact_player,blocks,Block,,,[4DFF00]Fluorescent Light Bay®[-],,,,,,,,,,,,,,
ceilingLight02_player,blocks,Block,,,[4DFF00]Silver Dome Light®[-],,,,,,,,,,,,,,
ceilingLight02_2x2_player,blocks,Block,,,[4DFF00]Silver Dome Light 2x2®[-],,,,,,,,,,,,,,
ceilingLight02Brass_player,blocks,Block,,,[4DFF00]Brass Dome Light®[-],,,,,,,,,,,,,,
ceilingLight02Brass_2x2_player,blocks,Block,,,[4DFF00]Brass Dome Light 2x2®[-],,,,,,,,,,,,,,
ceilingLight04_player,blocks,Block,,,[4DFF00]Pendant Shade®[-],,,,,,,,,,,,,,
ceilingLight04_PendantShadeBase_player,blocks,Block,,,[4DFF00]Pendant Shade Base®[-],,,,,,,,,,,,,,
ceilingLight04_PendantPoleBase,blocks,Block,,,[4DFF00]Pendant Pole Base®[-],,,,,,,,,,,,,,
ceilingLight04_PendantPole,blocks,Block,,,[4DFF00]Pendant Pole®[-],,,,,,,,,,,,,,
ceilingLight04_playerDesc,blocks,Block,,,Additional parts for the pendant style style lights. These do not light up.,,,,,,,,,,,,,,
ceilingLight05_player,blocks,Block,,,[4DFF00]Pendant Shade®[-],,,,,,,,,,,,,,
ceilingLight05Brass_player,blocks,Block,,,[4DFF00]Pendant Shade Brass®[-],,,,,,,,,,,,,,
trackLight_player,blocks,Block,,,[4DFF00]Track Lighting®[-],,,,,,,,,,,,,,
projectorTableTop_Player,blocks,Block,,,[4DFF00]Table Top Projector®[-],,,,,,,,,,,,,,
projectorCeiling_player,blocks,Block,,,[4DFF00]Ceiling Projector®[-],,,,,,,,,,,,,,
hoodRangeWhite_player,blocks,Block,,,[4DFF00]Range Hood White®[-],,,,,,,,,,,,,,
hoodRangeBrown_player,blocks,Block,,,[4DFF00]Range Hood Brown®[-],,,,,,,,,,,,,,
hoodRangeRed_player,blocks,Block,,,[4DFF00]Range Hood Red®[-],,,,,,,,,,,,,,
hoodRangeOrange_player,blocks,Block,,,[4DFF00]Range Hood Orange®[-],,,,,,,,,,,,,,
hoodRangeYellow_player,blocks,Block,,,[4DFF00]Range Hood Yellow®[-],,,,,,,,,,,,,,
hoodRangeGreen_player,blocks,Block,,,[4DFF00]Range Hood Green®[-],,,,,,,,,,,,,,
hoodRangeBlue_player,blocks,Block,,,[4DFF00]Range Hood Blue®[-],,,,,,,,,,,,,,
hoodRangePurple_player,blocks,Block,,,[4DFF00]Range Hood Purple®[-],,,,,,,,,,,,,,
hoodRangePink_player,blocks,Block,,,[4DFF00]Range Hood Pink®[-],,,,,,,,,,,,,,
hoodRangeGrey_player,blocks,Block,,,[4DFF00]Range Hood Grey®[-],,,,,,,,,,,,,,
hoodRangeBlack_player,blocks,Block,,,[4DFF00]Range Hood Black®[-],,,,,,,,,,,,,,
signOpenWallMountChain_player,blocks,Block,,,[4DFF00]Open Sign Chain Mount®[-],,,,,,,,,,,,,,
signOpenSideMount_player,blocks,Block,,,[4DFF00]Open Sign Side Mount®[-],,,,,,,,,,,,,,
signExitLight_player,blocks,Block,,,[4DFF00]Exit Light®[-],,,,,,,,,,,,,,
signNeonColdBeer_player,blocks,Block,,,[4DFF00] Neon Sign Cold Beer®[-],,,,,,,,,,,,,,
lightDisplayXRayFull_player,blocks,Block,,,[4DFF00]X-Ray with Radiograph®[-],,,,,,,,,,,,,,
lightDisplayXRayEmpty_player,blocks,Block,,,[4DFF00]X-Ray Empty®[-],,,,,,,,,,,,,,
ceilingFanLight_player,blocks,Block,,,[4DFF00]Ceiling Fan Light®[-],,,,,,,,,,,,,,
streetLight01_player,blocks,Block,,,[4DFF00]Street Light 1-Way®[-],,,,,,,,,,,,,,
streetLight02_player,blocks,Block,,,[4DFF00]Street Light 2-Way®[-],,,,,,,,,,,,,,
streetLight03_player,blocks,Block,,,[4DFF00]Street Light 3-Way®[-],,,,,,,,,,,,,,
streetLight04_player,blocks,Block,,,[4DFF00]Street Light 4-Way®[-],,,,,,,,,,,,,,
streetLightClassic_player,blocks,Block,,,[4DFF00]Classic Street Light®[-],,,,,,,,,,,,,,
roadBarricadeLight_player,blocks,Block,,,[4DFF00]Road Barricade®[-],,,,,,,,,,,,,,
workLightPOI_player,blocks,Block,,,[4DFF00]Work Light®[-],,,,,,,,,,,,,,
signTrafficLight_player,blocks,Block,,,[4DFF00]Traffic Light®[-],,,,,,,,,,,,,,
signCrosswalk_player,blocks,Block,,,[4DFF00]Crosswalk Light®[-],,,,,,,,,,,,,,
signPillsLogo_player,blocks,Block,,,[4DFF00]Large Neon Sign Pills®[-],,,,,,,,,,,,,,
signPillsLogoSmall_player,blocks,Block,,,[4DFF00]Small Neon Sign Pills®[-],,,,,,,,,,,,,,
endTableLamp_player,blocks,Block,,,[4DFF00]End Table Lamp®[-],,,,,,,,,,,,,,
chandelierLight_player,blocks,Block,,,[4DFF00]Hanging Chandelier®[-],,,,,,,,,,,,,,
chandelierLight2x2_player,blocks,Block,,,[4DFF00]Hanging Chandelier 2x2®[-],,,,,,,,,,,,,,
,,,,,,,,,,,,,,,,,,,
rusticDefense,blocks,block,,,[4DFF00]Rustic Defenses®[-],,,,,,,,,,,,,,
rusticStructures,blocks,block,,,[4DFF00]Rustic Structures®[-],,,,,,,,,,,,,,
rusticCollectionDesc,blocks,Variant,,,"Prefect for a quick base. Until the zombies break through, then there's just a lot of screaming.",,,,,,,,,,,,,,
rustic_doorWoodLargeGate,blocks,block,,,[4DFF00]Large Rustic Gate®[-],,,,,,,,,,,,,,
rustic_logWallLeft,blocks,block,,,[4DFF00]Rustic Wall: Left®[-],,,,,,,,,,,,,,
rustic_logWallRight,blocks,block,,,[4DFF00]Rustic Wall: Right®[-],,,,,,,,,,,,,,
rustic_logWallLeftSpikes,blocks,block,,,[4DFF00]Spiked Rustic Wall: Left®[-],,,,,,,,,,,,,,
rustic_logWallRightSpikes,blocks,block,,,[4DFF00]Spiked Rustic Wall: Right®[-],,,,,,,,,,,,,,
rustic_banditPlatform2x2A,blocks,block,,,[4DFF00]Rustic Platform 2x2®[-],,,,,,,,,,,,,,
rustic_banditPlatform3x2A,blocks,block,,,[4DFF00]Rustic Platform 3x2®[-],,,,,,,,,,,,,,
rustic_banditPlatform3x3A,blocks,block,,,[4DFF00]Rustic Platform 3x3A®[-],,,,,,,,,,,,,,
rustic_banditPlatform3x3B,blocks,block,,,[4DFF00]Rustic Platform 3x3B®[-],,,,,,,,,,,,,,
rustic_banditPlatformSheet3x2A,blocks,block,,,[4DFF00]Rustic Sheet Platform 3x2®[-],,,,,,,,,,,,,,
rustic_banditPlatformSheet3x3A,blocks,block,,,[4DFF00]Rustic Sheet Platform 3x3A®[-],,,,,,,,,,,,,,
rustic_banditPlatformSheet3x3B,blocks,block,,,[4DFF00]Rustic Sheet Platform 3x3B®[-],,,,,,,,,,,,,,
rustic_banditRamp2x2A,blocks,block,,,[4DFF00]Rustic Ramp 2x2®[-],,,,,,,,,,,,,,
rustic_banditRamp3x2A,blocks,block,,,[4DFF00]Rustic Ramp 3x2®[-],,,,,,,,,,,,,,
rustic_banditRamp3x3A,blocks,block,,,[4DFF00]Rustic Ramp 3x3®[-],,,,,,,,,,,,,,
rustic_banditRampSheet2x2A,blocks,block,,,[4DFF00]Rustic Sheet Ramp 2x2®[-],,,,,,,,,,,,,,
rustic_banditRampSheet3x2A,blocks,block,,,[4DFF00]Rustic Sheet Ramp 3x2®[-],,,,,,,,,,,,,,
rustic_banditRampSheet3x3A,blocks,block,,,[4DFF00]Rustic Sheet Ramp 3x3®[-],,,,,,,,,,,,,,
rustic_banditSupport1m,blocks,block,,,[4DFF00]Rustic Support 1m®[-],,,,,,,,,,,,,,
rustic_banditSupport2m,blocks,block,,,[4DFF00]Rustic Support 2m®[-],,,,,,,,,,,,,,
rustic_banditSupport3m,blocks,block,,,[4DFF00]Rustic Support 3m®[-],,,,,,,,,,,,,,
rustic_banditSupport3x1A,blocks,block,,,[4DFF00]Rustic Fence A®[-],,,,,,,,,,,,,,
rustic_banditSupport3x1B,blocks,block,,,[4DFF00]Rustic Fence B®[-],,,,,,,,,,,,,,
,,,,,,,,,,,,,,,,,,,
,,,,,,,,,,,,,,,,,,,
 * * * * TEH POIs * * * *,,,,,,,,,,,,,,,,,,,
NotreDamn_mini_V3.0,POI,POIName,,x,[4DFF00]Notre Damn[-],,,,,,,,,,,,,,
Lotus_V3.0,POI,POIName,,x,[4DFF00]Hub[-],,,,,,,,,,,,,,
pitV3.0_mini,POI,POIName,,x,[4DFF00]Pit[-],,,,,,,,,,,,,,
armyprison_V3.0,POI,POIName,,x,[4DFF00]Prison[-],,,,,,,,,,,,,,
,,,,,,,,,,,,,,,,,,,
,,,,,,,,,,,,,,,,,,,
 * * * * TEH DYE MODIFIERS * * * * ,,,,,,,,,,,,,,,,,,,
modDyeTehBlue,item_modifiers,item_modifier,,,[4DFF00]Teh Blue Dye®,,,,,,,,,,,,,,
modDyeTehPink,item_modifiers,item_modifier,,,[4DFF00]Teh Pink Dye®,,,,,,,,,,,,,,
modDyeTehPurple,item_modifiers,item_modifier,,,[4DFF00]Teh Purple Dye®,,,,,,,,,,,,,,
modDyeTehYellow,item_modifiers,item_modifier,,,[4DFF00]Teh Yellow Dye®,,,,,,,,,,,,,,
modDyeTehOrange,item_modifiers,item_modifier,,,[4DFF00]Teh Orange Dye®,,,,,,,,,,,,,,
modDyeTehGreen,item_modifiers,item_modifier,,,[4DFF00]Teh Green Dye®,,,,,,,,,,,,,,
modDyeTehBlack,item_modifiers,item_modifier,,,[4DFF00]Teh Black Dye®,,,,,,,,,,,,,,
modDyeTehTeal,item_modifiers,item_modifier,,,[4DFF00]Teh Teal Dye®,,,,,,,,,,,,,,
,,,,,,,,,,,,,,,,,,,
,,,,,,,,,,,,,,,,,,,
 * * * * VANILLA PROGRESSION * * * * ,,,,,,,,,,,,,,,,,,,
perkAdvancedEngineeringRank1LongDesc,progression,perk Int,,,"You are now out of the stone age and an apprentice Engineer!\n\nGain 15% XP from electrical trap kills. Items craft 20% faster at the forge. Craft glue cheaper.\n\nYou can now craft: [4DFF00]Wooden Single Doors®[-], [4DFF00]Misc. Doors®[-] and [4DFF00]Working Lights®[-].",,Du hast die Steinzeit hinter dir gelassen und bist ein Ingenieurlehrling!\nErhalte 15 % EP für Tötungen mit elektrischen Fallen.\nGegenstände werden in der Schmiede 20 % schneller hergestellt.\nStelle Kleber günstiger her.,¡Ahora saliste de la edad de piedra y estás aprendiendo ingeniería!\nObtén un 15 % de EXP de las muertes por trampas eléctricas.\nLos objetos se fabrican un 20 % más rápido en la fragua.\nFabrica pegamento a un menor costo.,"Fini l'âge de pierre, bonjour l'ingénierie !\nLes victimes dues aux pièges électriques vous rapportent 15 % d'EXP.\nVous fabriquez des objets 20 % plus rapidement à la forge.\nLa colle coûte moins cher à fabriquer.",Hai ormai abbandonato l'età della pietra e sei un apprendista ingegnere!\nGuadagni il 15% di PE dalle uccisioni con trappole elettrificate.\nLa creazione di oggetti è più veloce del 20% nella fucina.\nCrei colla in modo più economico.,あなたは今、石器時代から抜け出し、エンジニアの見習いとなったのです！\n電気トラップでキルすると15%の経験値を獲得。\n炉でのアイテムクラフト速度が20%速くなります。\n接着剤のクラフトが安くなります。,이제 구석기 시대에서 벗어나 견습생이 되었습니다!\n전기 트랩으로 처치 시 XP를 15% 얻습니다.\n대장간에서 아이템 제작 시 속도가 20% 빨라집니다.\n풀을 더 저렴한 비용에 제작합니다.,Awansujesz do stopnia początkującego inżyniera!\nZdobywaj 15% PD za zabójstwa elektryczną pułapką.\nPrzedmioty są wytwarzane 20% szybciej w kuźni.\nWytwarzaj klej taniej.,Você acaba de sair da idade da pedra e tornar-se aprendiz de engenharia!\nGanhe 15% de EXP em mortes de armadilhas elétricas.\nOs itens são fabricados 20% mais rápido na forja.\nFabricação de cola custa menos.,Наконец-то вы из пещерного человека превратились в начинающего инженера!\nЗа убийства с помощью электроловушек вы получаете 15% опыта.\nИзготовление предметов с помощью кузницы на 20% быстрее.\nИзготовление клея обходится дешевле.,Artık taş devrinden çıktın ve çırak Mühendis oldun!\nElektrikli tuzakla öldürmelerden %15 daha fazla DP kazan.\nDemirci ocağında %20 daha hızlı öğe üret.\nYapıştırıcıyı daha ucuza üret.,你已脱离石器时代，成为了一名工程师学徒！\n电力陷阱击杀给予15%经验值。\n在锻造炉制作物品的速度提高20%。\n制作胶水更便宜。,恭喜你脫離石器時代，成為了一名工程師學徒！\n從電陷阱殺敵數獲得 15% 的經驗值。\n鍛造爐製作速度增加 20%。\n製作膠水更便宜。,
perkAdvancedEngineeringRank2LongDesc,progression,perk Int,,,The long hours tinkering on projects is starting to pay dividends!\nGain 30% XP from electrical trap kills. Items craft 20% faster at workbenches and cement mixers.\n\nYou can now craft: [4DFF00]Wooden Double Doors®[-] and [4DFF00]Working Lights Plus®[-].,,Das stundenlange Tüfteln an Projekten zahlt sich langsam aus!\nErhalte 30 % EP für Tötungen mit elektrischen Fallen.\nAn Werkbänken und Betonmischern werden Gegenstände 20 % schneller hergestellt.,¡Las largas horas ajustando proyectos comienzan a dar dividendos!\nObtén un 30 % de EXP de las muertes por trampas eléctricas.\nLos objetos se fabrican un 20 % más rápido en las mesas de trabajo y las hormigoneras.,Les longues heures passées à bricoler sur différents projets finissent par payer !\nLes victimes dues aux pièges électriques vous rapportent 30 % d'EXP.\nVous fabriquez des objets 20 % plus rapidement aux établis et aux bétonnières.,Le lunghe ore passate trafficando con progetti cominciano a dare i loro frutti!\nGuadagni il 30% di PE dalle uccisioni con trappole elettrificate.\nLa creazione di oggetti è più veloce del 20% nelle postazioni di lavoro e nelle betoniere.,長時間のプロジェクトいじりが功を奏しているようです！\n電気トラップでキルすると30%の経験値を獲得。\n作業場とセメントミキサーでのアイテムクラフト速度が20%速くなります。,오랜 시간 사부작거리며 뭔가 만든 보람이 있군요!\n전기 트랩으로 처치 시 XP를 30% 얻습니다.\n작업대 및 시멘트 믹서에서 아이템 제작 시 속도가 20% 빨라집니다.,Długie godziny spędzone nad projektami zwróciły się!\nZdobywaj 30% PD za zabójstwa elektryczną pułapką.\nPrzedmioty są wytwarzane 20% szybciej przy warsztatach i w betoniarkach.,As longas horas matutando em projetos estão começando a render!\nGanhe 30% de EXP em mortes de armadilhas elétricas.\nOs itens são fabricados 20% mais rápido em bancadas e betoneiras.,Длительная работа с проектами начинает приносить плоды!\nЗа убийства с помощью электроловушек вы получаете 30% опыта.\nИзготовление предметов с помощью верстаков и бетономешалок на 20% быстрее.,Projeler için onlarca saat kafa yürütmenin ödüllerini almaya başlıyorsun!\nElektrikli tuzakla öldürmelerden %30 daha fazla DP kazan.\nÇalışma tezgâhlarında ve çimento mikserlerinde %20 daha hızlı öğe üret.,长时间的物品修补终于开始带来回报！\n电力陷阱击杀给予30%经验值。\n在工作台和水泥搅拌机上的制作速度提高20%。,漫長的學習終於見效了！\n從電陷阱殺敵數獲得 30% 的經驗值。\n工作臺、水泥攪拌機製作速度增加 20%。,
perkAdvancedEngineeringRank3LongDesc,progression,perk Int,,,"You really know your way around the workshop and can build about anything you set your mind to!\nGain 45% XP from electrical trap kills. All forge recipes cost 10% less, crafting Forged Steel and electrical devices costs 15% less.\n\nYou can now craft: [4DFF00]Metal Single Doors®[-].",,"Du kennst dich in der Werkstatt wirklich aus und kannst alles bauen, was du dir in den Kopf setzt!\nErhalte 45 % EP für Kills mit elektrischen Fallen.\nAlle Rezepte für die Schmiede kosten 10 % weniger, das Fertigen von geschmiedetem Stahl und elektrischen Geräten kostet 15 % weniger.","¡Sabes manejarte muy bien en la mesa de trabajo y puedes construir todo lo que te propongas!\nObtén un 45 % de EXP de las muertes por trampas eléctricas.\nTodas las recetas de fragua cuestan un 10 % menos, la elaboración de acero forjado y los dispositivos eléctricos cuestan un 15 % menos.",Vous êtes à l'aise à l'atelier et pouvez fabriquer à peu près n'importe quoi si vous vous appliquez !\nLes victimes dues aux pièges électriques vous rapportent 45 % d'EXP.\nToutes les compositions de forge coûtent 10 % moins cher. L'acier forgé et les appareils électriques coûtent 15 % moins cher.,"Ci sai davvero fare nell'officina e puoi costruire bene o male qualsiasi cosa decidi di costruire!\nGuadagni il 45% di PE dalle uccisioni con trappole elettrificate.\nTutte le ricette della fucina costano il 10% in meno, la fabbricazione di lingotti d'acciaio e dispositivi elettrici costa il 15% in meno.",あなたは作業場のことは熟知しており、思いついたものは何でも作ることができます！\n電気トラップでキルすると45%の経験値を獲得。\n全ての鍛造レシピが10%安くなり、 鍛鋼と電気デバイスのクラフトコストが15%下がります。,"당신은 작업장에 대해 잘 알며 뭐든 원하는 걸 만들 수 있습니다!\n전기 트랩 처치 시 XP를 45% 얻습니다.\n대장간 레시피의 비용은 15% 감소하고, 제련한 강철 및 전기 기기 제작 비용은 10% 감소합니다.","Czujesz się w warsztacie jak ryba w wodzie i potrafisz zbudować, co tylko zechcesz!\nZdobywaj 45% PD za wrogów zabitych przez pułapki elektryczne.\nWytwarzanie wszystkich przepisów w kuźni kosztuje 10% mniej, a wytwarzanie kutej stali i urządzeń elektrycznych – 15% mniej.",Você realmente conhece a oficina e pode construir tudo que imaginar!\nGanhe 45% de EXP com abates de armadilhas elétricas.\nTodas as receitas da forja custam 10% a menos e a fabricação de aço fundido e de dispositivos elétricos custa 15% menos.,"В мастерской вы чувствуете себя как дома, и можете изготовить всё, что душе угодно!\nЗа убийства с помощью электроловушек вы получаете 45% очков опыта.\nВсе рецепты кузницы стоят на 10% дешевле, изготовление кованой стали и электроприборов стоит на 15% дешевле.","Atölyede neler yapacağını gayet iyi biliyorsun ve artık aklına gelen her şeyi üretebilirsin!\nElektrikli tuzakla öldürmelerden %45 daha fazla DP kazan.\nTüm demirci ocağı tariflerinin maliyeti %10, Dövme Çelik ve elektrikli cihaz üretme maliyeti %15 azalır.",你对工坊了如指掌，几乎可以制作出心中所想的一切！\n电力陷阱击杀给予45%经验值。\n所有锻造炉配方的成本减少10%，制作锻钢与电力装置的成本减少15%。,你成為了工作坊的靈魂人物，可以將腦海中的所有藍圖付諸實踐！\n從電陷阱殺敵數獲得 45% 的經驗值。\n所有鍛造爐配方消耗減少 10%，製作鍛鋼和電氣裝置消耗減少 15%。,
perkAdvancedEngineeringRank4LongDesc,progression,perk Int,,,"You are the da Vinci of the apocalypse with all your amazing inventions!\nGain 60% XP from electrical trap kills. All forge recipes cost 15% less, crafting Forged Steel and electrical devices costs 25% less.\n\nYou can now craft: [4DFF00]Metal Double Doors®[-].",,"Du bist der da Vinci der Apokalypse mit all deinen erstaunlichen Erfindungen!\nErhalte 60 % EP für Kills mit elektrischen Fallen.\nAlle Rezepte für die Schmiede kosten 15 % weniger, das Fertigen von geschmiedetem Stahl und elektrischen Geräten kostet 25 % weniger.","¡Eres el da Vinci del apocalipsis con todas tus increíbles invenciones!\nObtén un 60 % de EXP de las muertes por trampas eléctricas.\nTodas las recetas de fragua cuestan un 15 % menos, la elaboración de acero forjado y los dispositivos eléctricos cuestan un 25 % menos.",Vous êtes le da Vinci de l'apocalypse avec toutes vos inventions incroyables !\nLes victimes dues aux pièges électriques vous rapportent 60 % d'EXP.\nToutes les compositions de forge coûtent 15 % moins cher. L'acier forgé et les appareils électriques coûtent 25 % moins cher.,"Sei il da Vinci dell'apocalisse, con tutte le tue incredibili invenzioni!\nGuadagni il 60% di PE dalle uccisioni con trappole elettrificate.\nTutte le ricette della fucina costano il 15% in meno, la fabbricazione di lingotti d'acciaio e dispositivi elettrici costa il 25% in meno.",あなたは素晴らしい発明をした黙示録のダ・ヴィンチなのです！\n電気トラップでキルすると60%の経験値を獲得。\n全ての鍛造レシピが15%安くなり、 鍛鋼と電気デバイスのクラフトコストが25%下がります。,"당신은 아포칼립스 시대의 다빈치이자 놀라운 발명가입니다!\n전기 트랩 처치 시 XP를 60% 얻습니다.\n대장간 레시피의 비용은 15% 감소하고, 제련한 강철 및 전기 기기 제작 비용은 25% 감소합니다.","Jesteś prawdziwym da Vincim apokalipsy – masz na koncie mnóstwo niesamowitych wynalazków!\nZdobywaj 60% PD za wrogów zabitych przez pułapki elektryczne.\nWytwarzanie przepisów w kuźni kosztuje 15% mniej, a wytwarzanie kutej stali i urządzeń elektrycznych – 25% mniej.","Você está parecendo Da Vinci, com todas essas invenções incríveis!\nGanhe 60% de EXP com abates de armadilhas elétricas.\nTodas as receitas da forja custam 15% menos e a fabricação de aço fundido e de dispositivos elétricos custa 25% menos.","С такими удивительными изобретениями вы — просто апокалиптический Леонардо да Винчи!\nЗа убийства с помощью электроловушек вы получаете 60% очков опыта.\nВсе рецепты кузницы стоят на 15% дешевле, изготовление кованой стали и электроприборов стоит на 25% дешевле.","İnanılmaz icatlarınla bu devrin Da Vinci'si oldun!\nElektrikli tuzakla öldürmelerden %60 daha fazla DP kazan.\nTüm demirci ocağı tariflerinin maliyeti %15, Dövme Çelik ve elektrikli cihaz üretme maliyeti %25 azalır.",各种神奇的发明使你成为了末日时代的达芬奇！\n电力陷阱击杀给予60%经验值。\n所有锻造炉配方的成本减少15%，制作锻钢与电力装置的成本减少25%。,你創造出無數宏偉的工藝品，可謂是末日達文西！\n從電陷阱殺敵數獲得 60% 的經驗值。\n所有鍛造爐配方消耗減少 15%，製作鍛鋼和電氣裝置消耗減少 25%。,
perkAdvancedEngineeringRank5LongDesc,progression,perk Int,,,"You are now an Advanced Engineer and would make MacDyver jealous.\nGain 75% XP from electrical trap kills. All forge recipes cost 20% less, crafting Forged Steel and electrical devices costs 35% less.\n\nYou can now craft: [4DFF00]Industrial Mixer®[-] and [4DFF00]Security Gates®[-]",,"Du bist jetzt ein fortgeschrittener Ingenieur und würdest MacDyver neidisch machen.\nErhalte 75 % EP für Tötungen mit elektrischen Fallen.\nAlle Rezepte für die Schmiede kosten 20 % weniger, das Fertigen von geschmiedetem Stahl und elektrischen Geräten kostet 35 % weniger.","¡Ahora sabes ingeniería avanzada y harías que MacDyver se ponga celoso!\nObtén un 75 % de EXP de las muertes por trampas eléctricas.\nTodas las recetas de fragua cuestan un 20 % menos, la elaboración de acero forjado y los dispositivos eléctricos cuestan un 35 % menos.",Vos connaissances en ingénierie avancée rendraient MacDyver jaloux.\nLes victimes dues aux pièges électriques vous rapportent 75 % d'EXP.\nToutes les compositions de forge coûtent 20 % moins cher. L'acier forgé et les appareils électriques coûtent 35 % moins cher.,"Ormai sei un ingegnere avanzato, e renderesti invidioso MacDyver.\nGuadagni il 75% di PE dalle uccisioni con trappole elettrificate.\nTutte le ricette della fucina costano il 20% in meno, la fabbricazione di lingotti d'acciaio e dispositivi elettrici costa il 35% in meno.",あなたは今、マクダイバーが嫉妬するほどの上級エンジニアです。\n電気トラップでキルすると75%の経験値を獲得。\n全ての鍛造レシピが20%安くなり、 鍛鋼と電気デバイスのクラフトコストが35%下がります。,"당신은 이제 상급 엔지니어로 맥다이버가 질투할 수준에 도달했습니다.\n전기 트랩 처치 시 XP를 75% 얻습니다.\n대장간 레시피의 비용은 20% 감소하고, 제련한 강철 및 전기 기기 제작 비용은 35% 감소합니다.","Jesteś teraz zaawansowanym inżynierem – MacDyver zzieleniałby z zazdrości.\nZdobywaj 75% PD za wrogów zabitych przez pułapki elektryczne.\nWytwarzanie przepisów w kuźni kosztuje 20% mniej, a wytwarzanie kutej stali i urządzeń elektrycznych – 35% mniej.",Você agora é um Engenheiro avançado e deixaria o MacDyver morrendo de inveja.\nGanhe 75% de EXP com abates de armadilhas elétricas.\nTodas as receitas da forja custam 20% menos e a fabricação de aço fundido e de dispositivos elétricos custam 35% menos.,"Теперь вы — ведущий инженер, и вашей изобретательности позавидует сам Макдайвер!\nЗа убийства с помощью электроловушек вы получаете 75% очков опыта.\nВсе рецепты кузницы стоят на 20% дешевле, изготовление кованой стали и электроприборов стоит на 35% дешевле.","Artık Gelişmiş Mühendis oldun ve MacDyver'ı bile kıskandıracak durumdasın.\nElektrikli tuzakla öldürmelerden %75 daha fazla DP kazan.\nTüm demirci ocağı tariflerinin maliyeti %20, Dövme Çelik ve elektrikli cihaz üretme maliyeti %35 azalır.",你已成为高级工程师，足以让麦克戴弗嫉妒得眼睛发绿。\n电力陷阱击杀给予75%经验值。\n所有锻造炉配方的成本减少20%，制作锻钢与电力装置的成本减少35%。,你已經成為 MacDyver 都望塵莫及的高級工程師。\n從電陷阱殺敵數獲得 75% 的經驗值。\n所有鍛造爐配方消耗減少 20%，製作鍛鋼和電氣裝置消耗減少 35%。,
perkPackMuleRank1LongDesc,progression,perk Str,,,Who has time to organize their stuff perfectly? Carry three more items without being encumbered.\n\nYou can now craft: [4DFF00]Wood Crate®[-].,,"Wer hat schon Zeit, das ganze Zeug schön zu ordnen? Du kannst drei Gegenstände mehr tragen, bevor du überbelastet wirst.",¿Quién tiene tiempo para organizar sus cosas perfectamente? Lleva tres artículos más sin desbordarte.,Qui a le temps de ranger toutes ses affaires à la perfection ? Vous portez trois objets supplémentaires sans souffrir d'encombrement.,Chi ha tempo di organizzare le proprie cose alla perfezione? Trasporta 3 oggetti in più senza diventare sovraccarico.,完璧に整理整頓する暇なんて誰にあるのでしょう？動きが阻害されることなく、アイテムを3つ多く運べる。,자기들 물건을 완벽히 정리할 수 있는 시간을 누가 가졌겠어요? 방해받지 않고 3개 더 많은 아이템을 소지할 수 있습니다.,Kto niby ma czas na porządki? Noś trzy dodatkowe przedmioty bez przeciążenia.,Quem tem tempo para organizar as coisas perfeitamente? Carregue mais três itens sem ficar sobrecarregado.,У нормальных людей нет времени складывать свои вещи аккуратно. Вы можете нести еще три предмета без последствий.,Eşyalarını düzenli tutmaya kimin zamanı var ki? Yükün ağır gelmeden üç öğe daha fazla taşı.,谁有时间把自己的东西整理得完美无缺？负重不受影响，再携带三样东西。,誰有時間把他們他們的東西整理好？再帶三樣東西而不會負重。,
perkPackMuleRank2LongDesc,progression,perk Str,,,You know it's in there somewhere. Carry an additional three more items without being encumbered.\n\nYou can now craft: [4DFF00]Leather Trunk®[-].,,"Du weißt, dass es irgendwo da drin ist. Du kannst drei weitere Gegenstände tragen, bevor du überbelastet wirst.",Sabes que está en alguna parte. Lleva otros tres artículos más sin desbordarte.,Vous savez bien que ça doit se trouver quelque part là-dedans. Vous portez à nouveau trois objets supplémentaires sans souffrir d'encombrement.,Sai che è lì da qualche parte. Trasporta altri 3 oggetti in più senza diventare sovraccarico.,中に入っていることは分かってるんです。動きが阻害されることなく、アイテムをさらに3つ多く運べる。,저 안에 무언가 있다는 걸 알고 있겠죠. 방해받지 않고 추가로 3개 더 많은 아이템을 소지할 수 있습니다.,Przed chwilą mignęło mi przed oczami! Możesz nosić dodatkowo trzy przedmioty bez przeciążenia.,Você sabe que está em algum lugar aí dentro. Carregue mais três itens sem ficar sobrecarregado.,"Вы знаете, что эта штука где-то здесь. Вы можете нести три дополнительных предмета без последствий.",Şurada bir yerde olduğundan eminsin. Yükün ağır gelmeden üç öğe daha taşı.,你知道它就在某个地方。负重不受影响，再携带额外三样东西。,你知道它就在某個地方。再帶三樣東西而不會負重。,
perkPackMuleRank3LongDesc,progression,perk Str,,,You know exactly where everything is. Carry four additional items without being encumbered.\n\nYou can now craft: [4DFF00]Reinforced Chest®[-] and [4DFF00]Sturdy Storage Container®[-].,,"Du weißt genau, wo du was findest. Du kannst vier Gegenstände mehr tragen, bevor du überbelastet wirst.",Sabes exactamente dónde está todo. Lleve cuatro artículos adicionales sin ser gravados.,Vous savez où chaque chose est rangée. Vous portez quatre objets supplémentaires sans souffrir d'encombrement.,Sai esattamente dove si trova ogni cosa. Trasporta 4 oggetti in più senza diventare sovraccarico.,何がどこにあるのかちゃんと把握しています。動きが阻害されることなく、アイテムをさらに4つ多く運べる。,어디에 무엇이 있는지 정확히 알고 계시군요. 방해받지 않고 추가로 4개 더 많은 아이템을 소지할 수 있습니다.,"Doskonale wiesz, gdzie co jest. Noś cztery dodatkowe przedmioty bez przeciążenia.",Você sabe exatamente onde tudo está. Carregue mais quatro itens sem ficar sobrecarregado.,"Вы отлично знаете, что где лежит. Вы можете нести четыре дополнительных предмета без последствий.",Her şeyin yerini iyi biliyorsun. Yükün ağır gelmeden ek dört öğe taşı.,你知道所有东西的确切位置。负重不受影响，再携带额外四样东西。,你準確知道東西在哪裏。再帶四樣東西而不會負重。,
perkPackMuleRank4LongDesc,progression,perk Str,,,"You just passed inspection, private. Carry four more items without being encumbered.\n\nYou can now craft: [4DFF00]Small Hardened Chest®[-]",,"Inspektion bestanden, Soldat.  Du kannst vier weitere Gegenstände tragen, bevor du überbelastet wirst.",Acabas de pasar la inspección en privado.  Lleva cuatro artículos más sin desbordarte.,Vous venez juste de réussir votre inspection privée.  Vous portez quatre objets supplémentaires sans souffrir d'encombrement.,"Hai passato l'ispezione, soldato.  Trasporta altri 4 oggetti senza diventare sovraccarico.",荷物点検に合格しました。動きが阻害されることなく、アイテムを4つ多く運べる。,방금 개인 검사를 통과했습니다.  방해받지 않고 4개 더 많은 아이템을 소지할 수 있습니다.,"Kontrola przeszła pozytywnie, żołnierzu.  Noś kolejne cztery przedmioty bez przeciążenia.",Tudo em ordem.  Carregue mais quatro itens sem ficar sobrecarregado.,"Вы только что прошли проверку, рядовой.  Вы можете нести еще четыре предмета без последствий.",Denetimi başarıyla geçtin asker.  Yükün ağır gelmeden dört öğe daha fazla taşı.,你刚刚通过了私人检查。负重不受影响，再携带四样东西。,你剛通過私人檢查。再帶四樣東西而不會負重。,
perkPackMuleRank5LongDesc,progression,perk Str,,,"Now you are just showing off, you are either part mule or a strongman. Carry four more items without being encumbered.\n\nYou can now craft the most badassed container in the game: [4DFF00]Large Hardened Chest®[-].",,"Jetzt gibst du aber an. Du bist entweder halb Esel oder wirklich, wirklich stark. Du kannst vier weitere Gegenstände tragen, bevor du überbelastet wirst.","Ahora solo estás presumiendo, eres parte mula o un hombre fuerte. Lleva cuatro artículos más sin desbordarte.","C'est bon, on a compris : soit vous êtes à moitié mule, soit vous êtes très fort. Vous portez quatre objets supplémentaires sans souffrir d'encombrement.",Ora ti stai dando le arie: o sei un mulo da soma oppure un bodybuilder. Trasporta altri 4 oggetti senza diventare sovraccarico.,ここまで来たらもう自慢。一部ラバか強い人間なのでしょう。動きが阻害されることなく、アイテムを4つ多く運べる。,당신이 노새거나 힘 센 사람이라는 걸 과시하고 계시네요. 방해받지 않고 4개 더 많은 아이템을 소지할 수 있습니다.,"Weź się nie popisuj! Albo płynie w tobie krew muła, albo strongmana. Noś kolejne cztery przedmioty bez przeciążenia.","Não precisa ficar se gabando, você deve ser metade mula ou metade músculos. Carregue mais quatro itens sem ficar sobrecarregado.","Теперь вы просто хвастаетесь. Вы либо наполовину мул, либо цирковой силач. Вы можете нести еще четыре предмета без последствий.",Bu yaptığına hava atmak denir. Ya çok güçlüsün ya da biraz katırlık var. Yükün ağır gelmeden dört öğe daha fazla taşı.,现在你就是在炫耀，你要么是半头骡子，要么是一个强人。负重不受影响，再携带四样东西。,你現在不過是在表現自己，你是一個騾半獸人或強人。再帶四樣東西而不會負重。,
perkAnimalTrackerRank3LongDesc,progression,perk Per,,,Become the ultimate tracker. Your senses are unparalleled. You can detect predators like mountain lions or bears.\n\nYou can now craft: [4DFF00]Bear Rug®[-].,,Werde zum ultimativen Fährtenleser. Du hast die schärfsten Sinne von allen und kannst Raubtiere wie Berglöwen oder Bären aufspüren.,Conviértete en el mejor rastreador. Tus sentidos son incomparables. Puedes detectar depredadores como osos o pumas.,"Vous devenez un traqueur aguerri. Vos sens sont inégalés, et vous permettent de détecter des prédateurs, tels que des pumas ou des ours.",Il segugio perfetto. I tuoi sensi sono impareggiabili. Riesci a rilevare predatori come leoni di montagna o orsi.,究極のトラッカーになるのです。あなたの感覚に匹敵するものはありません。クーガーやクマのような捕食者を検出できます。,최강의 추적자가 되세요. 누구와도 비교할 수 없는 감각을 보유하게 되었습니다. 퓨마나 곰 같은 포식자도 감지할 수 있습니다.,"Stań się najlepszym tropicielem. Masz niezrównane zmysły. Potrafisz wykryć drapieżniki, takie jak pumy czy niedźwiedzie.","Você é o rastreador supremo. Seus sentidos são incomparáveis. Você pode detectar predadores, como leões selvagens e ursos.","Станьте суперследопытом. У вас превосходное чутье. Вы можете обнаруживать таких хищников, как пумы или медведи.",En gelişmiş iz sürme becerilerine sahip ol. Algı kabiliyetinin eşi benzeri yok. Dağ aslanları ve ayılar gibi yırtıcıları algılayabilirsin.,你成为了终极的追猎者。你的感知已无与伦比。可检测到美洲狮或熊一类的食肉动物。,成爲終極的狩獵者。你的感知力無人能及。你能察覺到掠食動物如美洲獅或熊。,
perkDaringAdventurerRank1LongDesc,progression,perk Int,,,Risking your neck every day has its advantages.\nGain access to better trader items and get 5% more dukes.\n\nYou can now craft: [4DFF00]Wall Flag®[-].,,Jeden Tag deinen Hals zu riskieren hat seine Vorteile.\nErhalte Zugang zu besseren Händlergegenständen und erhalte 5 % mehr Dukes.,Arriesgar el cuello todos los días tiene sus ventajas.\nObtén acceso a los mejores objetos de vendedores y obtén un 5 % más de ducados.,Risquer votre vie chaque jour a quelques avantages.\nVous avez accès à une meilleure sélection chez les marchands et gagnez 5 % de pièces Duke supplémentaires.,Rischiare la pelle ogni giorno ha i suoi vantaggi.\nHai accesso a oggetti migliori dai negozianti e ottieni il 5% di duchi in più.,毎日危険を冒すことには利点があります。\nトレーダー商品の質上昇。クエスト報酬金額5%上昇。,매일 목숨을 위험에 빠뜨리는 것도 이득이 됩니다.\n더 좋은 상인 아이템을 볼 수 있으며 듀크를 5% 더 받습니다.,Codzienne nadstawianie karku ma swoje zalety.\nZyskujesz dostęp do lepszych przedmiotów u handlarzy i zdobywasz 5% więcej Żetonów Księcia.,Há vantagens em arriscar o pescoço todos os dias.\nObtenha acesso a melhores itens de comerciante e 5% mais duques.,У ежедневного риска есть свои преимущества.\nПолучаете доступ к лучшим товарам у продавцов и на 5% больше дюков.,Hayatını her gün tehlikeye atmanın birçok getirisi olur.\nDaha iyi tüccar öğelerine eriş ve %5 daha fazla duke kazan.,每天冒着生命的危险去搜刮是能带来回报的。\n解锁更好的商人物品，并且获得的公爵币增加5%。,每天冒著生命危險有它的好處。\n從商人身上取得品質更好的商品，並獲得多 5% 的杜克幣。,
perkDaringAdventurerRank4LongDesc,progression,perk Int,,,You are the daring adventurer!\nGain access to better trader items and get 20% more dukes. Pick two quest rewards for your daring efforts.\n\nYou can now craft: [4DFF00]Flagpole®[-].,,Du bist ein kühner Abenteurer!\nErhalte Zugang zu besseren Händlergegenständen und erhalte 20 % mehr Dukes.\nWähle zwei Questbelohnungen für deine kühnen Bemühungen.,¡Eres muy audaz!\nObtén acceso a los mejores objetos de comerciantes y obtén un 20 % más de ducados.\nElige dos recompensas de misión por tu esfuerzo arriesgado.,L'aventure ne vous fait pas peur !\nVous avez accès à une meilleure sélection chez les marchands et gagnez 20 % de pièces Duke supplémentaires.\nVous pouvez choisir deux récompenses de quête pour vos efforts.,Sei l'avventuriero coraggioso!\nHai accesso a oggetti migliori dai negozianti e ottieni il 20% di duchi in più.\nScegli due ricompense di missione per il tuo impegno audace.,あなたは勇敢な冒険者です！\nトレーダーのアイテムがより良いものになり、獲得デュークコインが20%増加します。\nクエスト報酬を2つ選択できるようになります。,당신은 대담한 모험가입니다!\n더 좋은 상인 아이템을 볼 수 있으며 듀크를 20% 더 받습니다.\n두 개의 퀘스트 보상을 선택할 수 있습니다.,Żadna przygoda ci nie straszna!\nZyskujesz dostęp do lepszych przedmiotów u handlarzy i zdobywasz 20% więcej Żetonów Księcia.\nPo realizacji zadania możesz wybrać dwie nagrody.,Você é um aventureiro ousado!\nGanhe acesso a itens melhores do comerciante e obtenha 20% mais duques.\nPegue duas recompensas de missão por seu esforço.,Вы дерзкий авантюрист!\nПолучаете доступ к лучшим товарам торговцев и на 20% больше дюков.\nЗа свою смелость вы можете выбрать две награды за выполнение заданий.,Gözü pek bir maceracısın!\nDaha iyi tüccar öğelerine eriş ve %20 daha fazla duke kazan.\nCesur çabaların karşılığında iki görev ödülü al.,你现在是一名大胆的冒险家了！\n解锁更好的商人物品，并且获得的公爵币增加20%。\n可以在大胆冒险后选择两项任务奖励。,你是勇敢的冒險家！\n從商人身上取得品質更好的商品，並獲得多 20% 的杜克幣。\n你現在可以選擇兩個任務獎勵作為報償。,
